qid,difficulty,tags,url
40,Medium,Array|Backtracking,https://leetcode.cn/problems/combination-sum-ii
47,Medium,Array|Backtracking|Sorting,https://leetcode.cn/problems/permutations-ii
120,Medium,Array|Dynamic Programming,https://leetcode.cn/problems/triangle
134,Medium,Array|Greedy,https://leetcode.cn/problems/gas-station
624,Medium,Array|Greedy,https://leetcode.cn/problems/maximum-distance-in-arrays
781,Medium,Array|Hash Table|Math|Greedy,https://leetcode.cn/problems/rabbits-in-forest
922,Easy,Array|Two Pointers|Sorting,https://leetcode.cn/problems/sort-array-by-parity-ii
924,Hard,Array|Hash Table|Depth-First Search|Breadth-First Search|Union-Find|Graph Theory,https://leetcode.cn/problems/minimize-malware-spread
1014,Medium,Array|Dynamic Programming,https://leetcode.cn/problems/best-sightseeing-pair
1061,Medium,String|Union-Find,https://leetcode.cn/problems/lexicographically-smallest-equivalent-string
1103,Easy,Math|Simulation,https://leetcode.cn/problems/distribute-candies-to-people
1146,Medium,Array|Hash Table|Binary Search|Design,https://leetcode.cn/problems/snapshot-array
1227,Medium,Math|Dynamic Programming|Brainteaser|Probability and Statistics,https://leetcode.cn/problems/airplane-seat-assignment-probability
1277,Medium,Array|Dynamic Programming|Matrix,https://leetcode.cn/problems/count-square-submatrices-with-all-ones
1278,Hard,String|Dynamic Programming,https://leetcode.cn/problems/palindrome-partitioning-iii
1287,Easy,Array,https://leetcode.cn/problems/element-appearing-more-than-25-in-sorted-array
1295,Easy,Array|Math,https://leetcode.cn/problems/find-numbers-with-even-number-of-digits
1298,Hard,Array|Breadth-First Search|Graph Theory,https://leetcode.cn/problems/maximum-candies-you-can-get-from-boxes
1299,Easy,Array,https://leetcode.cn/problems/replace-elements-with-greatest-element-on-right-side
1304,Easy,Array|Math,https://leetcode.cn/problems/find-n-unique-integers-sum-up-to-zero
1317,Easy,Math,https://leetcode.cn/problems/convert-integer-to-the-sum-of-two-no-zero-integers
1323,Easy,Math|Greedy,https://leetcode.cn/problems/maximum-69-number
1328,Medium,String|Greedy,https://leetcode.cn/problems/break-a-palindrome
1338,Medium,Array|Hash Table|Greedy|Sorting|Heap (Priority Queue),https://leetcode.cn/problems/reduce-array-size-to-the-half
1366,Medium,Array|Hash Table|String|Sorting|Counting,https://leetcode.cn/problems/rank-teams-by-votes
1394,Easy,Array|Hash Table|Counting,https://leetcode.cn/problems/find-lucky-integer-in-an-array
1399,Easy,Hash Table|Math|Counting,https://leetcode.cn/problems/count-largest-group
1432,Medium,Math|Greedy,https://leetcode.cn/problems/max-difference-you-can-get-from-changing-an-integer
1472,Medium,Array|Linked List|Stack|Design|Doubly-Linked List|Data Stream,https://leetcode.cn/problems/design-browser-history
1493,Medium,Array|Dynamic Programming|Sliding Window,https://leetcode.cn/problems/longest-subarray-of-1s-after-deleting-one-element
1550,Easy,Array,https://leetcode.cn/problems/three-consecutive-odds
1673,Medium,Array|Stack|Greedy|Monotonic Stack,https://leetcode.cn/problems/find-the-most-competitive-subsequence
1695,Medium,Array|Hash Table|Sliding Window,https://leetcode.cn/problems/maximum-erasure-value
1702,Medium,String|Greedy,https://leetcode.cn/problems/maximum-binary-string-after-change
1717,Medium,String|Stack|Greedy,https://leetcode.cn/problems/maximum-score-from-removing-substrings
1733,Medium,Array|Hash Table|Greedy,https://leetcode.cn/problems/minimum-number-of-people-to-teach
1745,Hard,String|Dynamic Programming,https://leetcode.cn/problems/palindrome-partitioning-iv
1793,Hard,Array|Two Pointers|Binary Search|Stack|Monotonic Stack,https://leetcode.cn/problems/maximum-score-of-a-good-subarray
1863,Easy,Array|Math|Backtracking|Bit Manipulation|Combinatorics|Enumeration,https://leetcode.cn/problems/sum-of-all-subset-xor-totals
1870,Medium,Array|Binary Search,https://leetcode.cn/problems/minimum-speed-to-arrive-on-time
1884,Medium,Math|Dynamic Programming,https://leetcode.cn/problems/egg-drop-with-2-eggs-and-n-floors
1920,Easy,Array|Simulation,https://leetcode.cn/problems/build-array-from-permutation
1922,Medium,Math|Recursion,https://leetcode.cn/problems/count-good-numbers
1935,Easy,Hash Table|String,https://leetcode.cn/problems/maximum-number-of-words-you-can-type
1957,Easy,String,https://leetcode.cn/problems/delete-characters-to-make-fancy-string
1963,Medium,Two Pointers|String|Stack|Greedy,https://leetcode.cn/problems/minimum-number-of-swaps-to-make-the-string-balanced
1969,Medium,Math|Greedy|Recursion,https://leetcode.cn/problems/minimum-non-zero-product-of-the-array-elements
2009,Hard,Array|Hash Table|Binary Search|Sliding Window,https://leetcode.cn/problems/minimum-number-of-operations-to-make-array-continuous
2070,Medium,Array|Binary Search|Sorting,https://leetcode.cn/problems/most-beautiful-item-for-each-query
2073,Easy,Array|Queue|Simulation,https://leetcode.cn/problems/time-needed-to-buy-tickets
2080,Medium,Array|Hash Table|Binary Search|Design|Segment Tree,https://leetcode.cn/problems/range-frequency-queries
2094,Easy,Array|Hash Table|Recursion|Sorting|Enumeration,https://leetcode.cn/problems/finding-3-digit-even-numbers
2099,Easy,Array|Hash Table|Sorting|Heap (Priority Queue),https://leetcode.cn/problems/find-subsequence-of-length-k-with-the-largest-sum
2129,Easy,String,https://leetcode.cn/problems/capitalize-the-title
2131,Medium,Array|Hash Table|String|Greedy|Counting,https://leetcode.cn/problems/longest-palindrome-by-concatenating-two-letter-words
2138,Easy,String|Simulation,https://leetcode.cn/problems/divide-a-string-into-groups-of-size-k
2140,Medium,Array|Dynamic Programming,https://leetcode.cn/problems/solving-questions-with-brainpower
2145,Medium,Array|Prefix Sum,https://leetcode.cn/problems/count-the-hidden-sequences
2176,Easy,Array,https://leetcode.cn/problems/count-equal-and-divisible-pairs-in-an-array
2179,Hard,Array|Binary Search|Divide and Conquer|Binary Indexed Tree|Segment Tree|Merge Sort|Ordered Set,https://leetcode.cn/problems/count-good-triplets-in-an-array
2187,Medium,Array|Binary Search,https://leetcode.cn/problems/minimum-time-to-complete-trips
2197,Hard,Array|Math|Stack|Number Theory,https://leetcode.cn/problems/replace-non-coprime-numbers-in-array
2200,Easy,Array|Two Pointers,https://leetcode.cn/problems/find-all-k-distant-indices-in-an-array
2210,Easy,Array,https://leetcode.cn/problems/count-hills-and-valleys-in-an-array
2225,Medium,Array|Hash Table|Sorting|Counting,https://leetcode.cn/problems/find-players-with-zero-or-one-losses
2239,Easy,Array,https://leetcode.cn/problems/find-closest-number-to-zero
2241,Medium,Array|Greedy|Design,https://leetcode.cn/problems/design-an-atm-machine
2255,Easy,Array|String,https://leetcode.cn/problems/count-prefixes-of-a-given-string
2264,Easy,String,https://leetcode.cn/problems/largest-3-same-digit-number-in-string
2269,Easy,Math|String|Sliding Window,https://leetcode.cn/problems/find-the-k-beauty-of-a-number
2270,Medium,Array|Prefix Sum,https://leetcode.cn/problems/number-of-ways-to-split-array
2274,Medium,Array|Sorting,https://leetcode.cn/problems/maximum-consecutive-floors-without-special-floors
2278,Easy,String,https://leetcode.cn/problems/percentage-of-letter-in-string
2288,Medium,String,https://leetcode.cn/problems/apply-discount-to-prices
2302,Hard,Array|Binary Search|Sliding Window|Prefix Sum,https://leetcode.cn/problems/count-subarrays-with-score-less-than-k
2327,Medium,Dynamic Programming|Queue|Simulation,https://leetcode.cn/problems/number-of-people-aware-of-a-secret
2332,Medium,Array|Two Pointers|Binary Search|Sorting,https://leetcode.cn/problems/the-latest-time-to-catch-a-bus
2348,Medium,Array|Math,https://leetcode.cn/problems/number-of-zero-filled-subarrays
2369,Medium,Array|Dynamic Programming,https://leetcode.cn/problems/check-if-there-is-a-valid-partition-for-the-array
2390,Medium,String|Stack|Simulation,https://leetcode.cn/problems/removing-stars-from-a-string
2398,Hard,Array|Binary Search|Queue|Sliding Window|Heap (Priority Queue)|Prefix Sum|Monotonic Queue,https://leetcode.cn/problems/maximum-number-of-robots-within-budget
2414,Medium,String,https://leetcode.cn/problems/length-of-the-longest-alphabetical-continuous-substring
2434,Medium,Hash Table|String|Stack|Greedy,https://leetcode.cn/problems/using-a-robot-to-print-the-lexicographically-smallest-string
2438,Medium,Array|Bit Manipulation|Prefix Sum,https://leetcode.cn/problems/range-product-queries-of-powers
2506,Easy,Array|Hash Table|String|Bit Manipulation|Counting,https://leetcode.cn/problems/count-pairs-of-similar-strings
2529,Easy,Array|Binary Search|Counting,https://leetcode.cn/problems/maximum-count-of-positive-integer-and-negative-integer
2535,Easy,Array|Math,https://leetcode.cn/problems/difference-between-element-sum-and-digit-sum-of-an-array
2537,Medium,Array|Hash Table|Sliding Window,https://leetcode.cn/problems/count-the-number-of-good-subarrays
2555,Medium,Array|Binary Search|Sliding Window,https://leetcode.cn/problems/maximize-win-from-two-segments
2563,Medium,Array|Two Pointers|Binary Search|Sorting,https://leetcode.cn/problems/count-the-number-of-fair-pairs
2566,Easy,Math|Greedy,https://leetcode.cn/problems/maximum-difference-by-remapping-a-digit
2575,Medium,Array|Math|String,https://leetcode.cn/problems/find-the-divisibility-array-of-a-string
2576,Medium,Array|Two Pointers|Binary Search|Greedy|Sorting,https://leetcode.cn/problems/find-the-maximum-number-of-marked-indices
2580,Medium,Array|Sorting,https://leetcode.cn/problems/count-ways-to-group-overlapping-ranges
2588,Medium,Array|Hash Table|Bit Manipulation|Prefix Sum,https://leetcode.cn/problems/count-the-number-of-beautiful-subarrays
2589,Hard,Array|Binary Search|Stack|Greedy|Sorting,https://leetcode.cn/problems/minimum-time-to-complete-all-tasks
2595,Easy,Bit Manipulation,https://leetcode.cn/problems/number-of-even-and-odd-bits
2597,Medium,Array|Hash Table|Math|Dynamic Programming|Backtracking|Sorting|Combinatorics,https://leetcode.cn/problems/the-number-of-beautiful-subsets
2610,Medium,Array|Hash Table,https://leetcode.cn/problems/convert-an-array-into-a-2d-array-with-conditions
2616,Medium,Array|Binary Search|Dynamic Programming|Greedy|Sorting,https://leetcode.cn/problems/minimize-the-maximum-difference-of-pairs
