tag,n_tasks,pass_at_1,pass_at_2,pass_at_3,pass_at_4,pass_at_5,pass_at_5_gain
Array,72080,0.5866814650388458,0.640996115427303,0.6653995560488346,0.6799667036625971,0.6896087680355161,0.1029273029966703
Backtracking,4160,0.575,0.6401442307692308,0.6646634615384616,0.6778846153846154,0.6891826923076924,0.1141826923076924
Binary Indexed Tree,1280,0.40390625,0.45703125,0.49453125,0.51484375,0.52890625,0.125
Binary Search,12560,0.5278662420382165,0.5840764331210191,0.6107484076433121,0.6252388535031848,0.6361464968152867,0.10828025477707015
Binary Search Tree,160,0.5,0.56875,0.5875,0.6125,0.625,0.125
Binary Tree,160,0.5,0.56875,0.5875,0.6125,0.625,0.125
Bit Manipulation,10240,0.56181640625,0.61396484375,0.638671875,0.65302734375,0.66298828125,0.10117187500000002
Bitmask,1520,0.4631578947368421,0.5335526315789474,0.569078947368421,0.5861842105263158,0.5986842105263158,0.13552631578947372
Brainteaser,720,0.5527777777777778,0.6166666666666667,0.6388888888888888,0.6597222222222222,0.6666666666666666,0.11388888888888882
Breadth-First Search,3040,0.5230263157894737,0.58125,0.6095394736842106,0.6263157894736842,0.6378289473684211,0.11480263157894743
Bucket Sort,480,0.5729166666666666,0.61875,0.6520833333333333,0.6770833333333334,0.6854166666666667,0.11250000000000004
Combinatorics,1520,0.3875,0.4355263157894737,0.45789473684210524,0.47039473684210525,0.4756578947368421,0.0881578947368421
Counting,8400,0.6278571428571429,0.6784523809523809,0.6996428571428571,0.7147619047619047,0.7239285714285715,0.09607142857142859
Counting Sort,640,0.7359375,0.7875,0.8109375,0.81875,0.825,0.08906249999999993
Data Stream,800,0.5325,0.57125,0.605,0.61625,0.625,0.09250000000000003
Depth-First Search,2800,0.5535714285714286,0.615,0.6417857142857143,0.6589285714285714,0.6692857142857143,0.11571428571428566
Design,5840,0.5558219178082192,0.6049657534246575,0.6299657534246575,0.6440068493150685,0.6544520547945205,0.0986301369863013
Divide and Conquer,1840,0.5630434782608695,0.6233695652173913,0.6483695652173913,0.6657608695652174,0.6782608695652174,0.11521739130434783
Doubly-Linked List,480,0.5125,0.5541666666666667,0.5895833333333333,0.6083333333333333,0.6270833333333333,0.11458333333333337
Dynamic Programming,21040,0.49386882129277565,0.5532794676806083,0.5809410646387833,0.5963403041825095,0.6063688212927757,0.11250000000000004
Enumeration,4320,0.49583333333333335,0.5534722222222223,0.5819444444444445,0.5972222222222222,0.6087962962962963,0.11296296296296293
Eulerian Circuit,160,0.275,0.36875,0.41875,0.44375,0.45625,0.18124999999999997
Game Theory,1520,0.575,0.6361842105263158,0.6552631578947369,0.6717105263157894,0.6789473684210526,0.10394736842105268
Geometry,480,0.6041666666666666,0.6395833333333333,0.6625,0.6645833333333333,0.6708333333333333,0.06666666666666665
Graph Theory,1760,0.48579545454545453,0.5454545454545454,0.5704545454545454,0.5886363636363636,0.6011363636363637,0.11534090909090916
Greedy,17760,0.549436936936937,0.6093468468468468,0.6342342342342342,0.6497184684684685,0.6596846846846847,0.1102477477477477
Hash Function,1280,0.48125,0.53125,0.5578125,0.57265625,0.58515625,0.10390625000000003
Hash Table,29680,0.5783692722371968,0.6345350404312669,0.6600067385444744,0.675,0.6845013477088949,0.10613207547169812
Heap (Priority Queue),7440,0.46196236559139786,0.523252688172043,0.5509408602150537,0.5705645161290323,0.582258064516129,0.12029569892473119
Interactive,320,0.696875,0.734375,0.740625,0.75,0.7625,0.06562499999999993
Iterator,240,0.5666666666666667,0.6,0.6208333333333333,0.6291666666666667,0.6375,0.0708333333333333
Linked List,1120,0.5678571428571428,0.6133928571428572,0.6419642857142858,0.6580357142857143,0.6696428571428571,0.10178571428571426
Math,24320,0.5935444078947368,0.6444078947368421,0.6673930921052632,0.6822368421052631,0.6911595394736842,0.09761513157894741
Matrix,2400,0.5625,0.6275,0.6516666666666666,0.67,0.6795833333333333,0.11708333333333332
Memoization,1760,0.45795454545454545,0.5170454545454546,0.5431818181818182,0.5579545454545455,0.5693181818181818,0.11136363636363639
Merge Sort,480,0.46875,0.5520833333333334,0.6020833333333333,0.6229166666666667,0.6375,0.16874999999999996
Monotonic Queue,960,0.45,0.5125,0.5427083333333333,0.5604166666666667,0.5760416666666667,0.12604166666666666
Monotonic Stack,2160,0.5597222222222222,0.6027777777777777,0.6291666666666667,0.6458333333333334,0.6532407407407408,0.09351851851851856
Number Theory,1680,0.5404761904761904,0.5898809523809524,0.6178571428571429,0.6297619047619047,0.6416666666666667,0.10119047619047628
Ordered Set,2480,0.3963709677419355,0.4596774193548387,0.48870967741935484,0.5,0.5125,0.11612903225806448
Prefix Sum,8400,0.5082142857142857,0.5582142857142857,0.5810714285714286,0.594047619047619,0.6047619047619047,0.096547619047619
Probability and Statistics,400,0.5275,0.6,0.63,0.6425,0.65,0.12250000000000005
Queue,2320,0.4987068965517241,0.5538793103448276,0.5788793103448275,0.5926724137931034,0.6047413793103448,0.10603448275862065
Quickselect,400,0.5775,0.6325,0.65,0.665,0.685,0.10750000000000004
Radix Sort,160,0.5375,0.59375,0.65,0.66875,0.68125,0.14375000000000004
Randomized,720,0.6569444444444444,0.6972222222222222,0.7097222222222223,0.7180555555555556,0.7277777777777777,0.0708333333333333
Recursion,2000,0.555,0.61,0.6375,0.656,0.667,0.11199999999999999
Rejection Sampling,160,0.6375,0.66875,0.6875,0.6875,0.7,0.0625
Reservoir Sampling,160,0.6375,0.68125,0.69375,0.70625,0.71875,0.08125000000000004
Rolling Hash,1040,0.42403846153846153,0.47692307692307695,0.5067307692307692,0.5230769230769231,0.5375,0.11346153846153845
Segment Tree,2400,0.31958333333333333,0.36583333333333334,0.39958333333333335,0.4125,0.4245833333333333,0.10499999999999998
Shortest Path,240,0.26666666666666666,0.32083333333333336,0.325,0.35,0.3541666666666667,0.08750000000000002
Simulation,7280,0.6494505494505495,0.7028846153846153,0.7256868131868132,0.7406593406593407,0.7509615384615385,0.10151098901098898
Sliding Window,7280,0.5123626373626373,0.5703296703296703,0.5965659340659341,0.6152472527472528,0.6258241758241758,0.1134615384615385
Sort,80,0.275,0.3125,0.375,0.425,0.4375,0.16249999999999998
Sorting,19600,0.5865816326530612,0.6437755102040816,0.6681632653061225,0.6821938775510205,0.691530612244898,0.1049489795918368
Stack,6720,0.5511904761904762,0.6007440476190476,0.625,0.6418154761904762,0.6522321428571428,0.10104166666666659
String,38080,0.5908876050420168,0.6461397058823529,0.6692489495798319,0.6832983193277311,0.6934086134453782,0.10252100840336142
String Matching,1200,0.5858333333333333,0.6275,0.6475,0.6608333333333334,0.675,0.08916666666666673
Suffix Array,240,0.12083333333333333,0.15416666666666667,0.17916666666666667,0.20833333333333334,0.225,0.10416666666666667
Sweep Line,80,0.275,0.35,0.375,0.375,0.4125,0.13749999999999996
Topological Sort,320,0.609375,0.653125,0.684375,0.690625,0.7,0.09062499999999996
Tree,320,0.528125,0.578125,0.596875,0.6125,0.625,0.09687500000000004
Trie,2240,0.5366071428571428,0.5995535714285715,0.6236607142857142,0.6424107142857143,0.6540178571428571,0.11741071428571426
Two Pointers,10080,0.6208333333333333,0.6717261904761904,0.694047619047619,0.705952380952381,0.716468253968254,0.09563492063492063
Union-Find,1520,0.48289473684210527,0.5401315789473684,0.5736842105263158,0.5888157894736842,0.6013157894736842,0.11842105263157898
